"id","fqdn/ip","port","severity","finding","cve","cwe"
"service","www.impots.nc/61.5.212.17","443","INFO","HTTP","",""
"pre_128cipher","www.impots.nc/61.5.212.17","443","INFO","No 128 cipher limit bug","",""
"SSLv2","www.impots.nc/61.5.212.17","443","OK","not offered","",""
"SSLv3","www.impots.nc/61.5.212.17","443","OK","not offered","",""
"TLS1","www.impots.nc/61.5.212.17","443","INFO","not offered","",""
"TLS1_1","www.impots.nc/61.5.212.17","443","INFO","not offered","",""
"TLS1_2","www.impots.nc/61.5.212.17","443","OK","offered","",""
"TLS1_3","www.impots.nc/61.5.212.17","443","OK","offered with final","",""
"ALPN","www.impots.nc/61.5.212.17","443","INFO","http/1.1","",""
"cipherlist_NULL","www.impots.nc/61.5.212.17","443","OK","not offered","","CWE-327"
"cipherlist_aNULL","www.impots.nc/61.5.212.17","443","OK","not offered","","CWE-327"
"cipherlist_EXPORT","www.impots.nc/61.5.212.17","443","OK","not offered","","CWE-327"
"cipherlist_LOW","www.impots.nc/61.5.212.17","443","OK","not offered","","CWE-327"
"cipherlist_3DES_IDEA","www.impots.nc/61.5.212.17","443","MEDIUM","offered","","CWE-310"
"cipherlist_AVERAGE","www.impots.nc/61.5.212.17","443","LOW","offered","","CWE-310"
"cipherlist_GOOD","www.impots.nc/61.5.212.17","443","OK","offered","",""
"cipherlist_STRONG","www.impots.nc/61.5.212.17","443","OK","offered","",""
"cipher_order","www.impots.nc/61.5.212.17","443","OK","server","",""
"protocol_negotiated","www.impots.nc/61.5.212.17","443","OK","Default protocol TLS1.3","",""
"cipher_negotiated","www.impots.nc/61.5.212.17","443","OK","TLS_AES_256_GCM_SHA384, 253 bit ECDH (X25519)","",""
"cipherorder_TLSv1_2","www.impots.nc/61.5.212.17","443","INFO","ECDHE-RSA-AES128-GCM-SHA256","",""
"FS","www.impots.nc/61.5.212.17","443","OK","offered","",""
"FS_ciphers","www.impots.nc/61.5.212.17","443","INFO","ECDHE-RSA-AES128-GCM-SHA256 ECDHE-RSA-AES128-SHA256 ECDHE-RSA-AES128-SHA ECDHE-RSA-AES256-GCM-SHA384 ECDHE-RSA-AES256-SHA384 ECDHE-RSA-AES256-SHA ECDHE-RSA-CAMELLIA128-SHA256 ECDHE-RSA-CAMELLIA256-SHA384","",""
"FS_ECDHE_curves","www.impots.nc/61.5.212.17","443","OK","prime256v1 secp384r1 secp521r1","",""
"TLS_extensions","www.impots.nc/61.5.212.17","443","INFO","'renegotiation info/#65281' 'server name/#0' 'EC point formats/#11' 'session ticket/#35' 'next protocol/#13172' 'supported versions/#43' 'key share/#51' 'supported_groups/#10' 'max fragment length/#1' 'application layer protocol negotiation/#16' 'encrypt-then-mac/#22' 'extended master secret/#23'","",""
"TLS_session_ticket","www.impots.nc/61.5.212.17","443","INFO","valid for 300 seconds only (<daily)","",""
"SSL_sessionID_support","www.impots.nc/61.5.212.17","443","INFO","yes","",""
"sessionresumption_ticket","www.impots.nc/61.5.212.17","443","INFO","supported","",""
"sessionresumption_ID","www.impots.nc/61.5.212.17","443","INFO","supported","",""
"TLS_timestamp","www.impots.nc/61.5.212.17","443","INFO","random","",""
"clientAuth","www.impots.nc/61.5.212.17","443","INFO","none","",""
"cert_numbers","www.impots.nc/61.5.212.17","443","INFO","1","",""
"cert_signatureAlgorithm","www.impots.nc/61.5.212.17","443","OK","SHA256 with RSA","",""
"cert_keySize","www.impots.nc/61.5.212.17","443","INFO","RSA 2048 bits (exponent is 65537)","",""
"cert_keyUsage","www.impots.nc/61.5.212.17","443","INFO","Digital Signature, Key Encipherment","",""
"cert_extKeyUsage","www.impots.nc/61.5.212.17","443","INFO","TLS Web Server Authentication, TLS Web Client Authentication","",""
"cert_serialNumber","www.impots.nc/61.5.212.17","443","INFO","4FC3FA23CF66FE8EE6B58A6C40D4D1A4","",""
"cert_fingerprintSHA1","www.impots.nc/61.5.212.17","443","INFO","132971B6779A905E630B3D7CD844FB4AE8A1BA15","",""
"cert_fingerprintSHA256","www.impots.nc/61.5.212.17","443","INFO","E597DB786783C843DD30111E34F4FB680965B2D8178B4A94A96E0E2001C233D3","",""
"cert","www.impots.nc/61.5.212.17","443","INFO","-----BEGIN CERTIFICATE----- MIIGdDCCBVygAwIBAgIQT8P6I89m/o7mtYpsQNTRpDANBgkqhkiG9w0BAQsFADCB gTELMAkGA1UEBhMCRlIxETAPBgNVBAgTCENhbHZhZG9zMQ0wCwYDVQQHEwRDYWVu MRUwEwYDVQQKEwxUQlMgSU5URVJORVQxGDAWBgNVBAsTD1RCUyBJTlRFUk5FVCBD QTEfMB0GA1UEAxMWVEJTIFg1MDkgQ0EgYnVzaW5lc3MgMjAeFw0yMTAxMjQwMDAw MDBaFw0yMjAxMjQyMzU5NTlaMIG0MQswCQYDVQQGEwJOQzEOMAwGA1UEERMFOTg4 MDAxEDAOBgNVBAcMB05vdW3DqWExFTATBgNVBAkTDENlbnRyZSBWaWxsZTEdMBsG A1UECRMUMSBBdmVudWUgZHUgTWFsIEZvY2gxOTA3BgNVBAoTMENBQklORVQgRFUg R09VVkVSTkVNRU5UIERFIExBIE5PVVZFTExFLUNBTEVET05JRTESMBAGA1UEAxMJ aW1wb3RzLm5jMIIBIjANBgkqhkiG9w0BAQEFAAOCAQ8AMIIBCgKCAQEAxi9zvp2L /yrhYaG1Y8ypql3K7miDC7qiMqek0624iCMV2LYkW0PwZhLqy0BVdtc5YXRyHABa 2QyKz02Zaj+18cVjQk+fgV5WR5j4YICVdHANhcc74radqQLtIWD85S8JPLHAfWxL gl8gJDdhDs70efx0i/fkdHSqPEyjcTMrTOfhq5+AiLXBUGD75ckg2JH9rZaKTkuE 7ilGnPLlZSlAcAjYPN04GcplcUWUgwf81aA5L8POzJHFXI4yMojxdLYjixQ140pm Sm2lj8+X9vJUtjt8/qvrLrdIH86RgP9hjNtcAM9x3ohfhekDUm3CX4HF7L/w+xX+ 4Ew9kUAZAtRgHQIDAQABo4ICsTCCAq0wHwYDVR0jBBgwFoAUcfILqaPtywNKDDwB O75MRG3rKvgwHQYDVR0OBBYEFFZenzFxQvfKoeOkHBIzA0khuVdCMA4GA1UdDwEB /wQEAwIFoDAMBgNVHRMBAf8EAjAAMB0GA1UdJQQWMBQGCCsGAQUFBwMBBggrBgEF BQcDAjBKBgNVHSAEQzBBMDUGCisGAQQB5TcCAQEwJzAlBggrBgEFBQcCARYZaHR0 cHM6Ly9jcHMudXNlcnRydXN0LmNvbTAIBgZngQwBAgIwQAYDVR0fBDkwNzA1oDOg MYYvaHR0cDovL2NybC51c2VydHJ1c3QuY29tL1RCU1g1MDlDQWJ1c2luZXNzMi5j cmwwcgYIKwYBBQUHAQEEZjBkMDsGCCsGAQUFBzAChi9odHRwOi8vY3J0LnVzZXJ0 cnVzdC5jb20vVEJTWDUwOUNBYnVzaW5lc3MyLmNydDAlBggrBgEFBQcwAYYZaHR0 cDovL29jc3AudXNlcnRydXN0LmNvbTAjBgNVHREEHDAagglpbXBvdHMubmOCDXd3 dy5pbXBvdHMubmMwggEFBgorBgEEAdZ5AgQCBIH2BIHzAPEAdgBGpVXrdfqRIDC1 oolp9PN9ESxBdL79SbiFq/L8cP5tRwAAAXc2WbfkAAAEAwBHMEUCICpE0tmcbDE3 4S9edlR5IY8hPa7/3WlsReJLrgvJrLgmAiEA88Tq+gX/6JhYs2GYHz6fTMc6phwW aTH9FYEXvKNYtfQAdwDfpV6raIJPH2yt7rhfTj5a6s2iEqRqXo47EsAgRFwqcwAA AXc2WbhwAAAEAwBIMEYCIQCwNzJ1WZxrBzHXa+/WrZ8YW3/i9jN9tSNo7NDhtd0a ogIhAJEjZrM7RcXH7ZM2kqCXWfC8IKCKueYwcvNKXxrW8gBAMA0GCSqGSIb3DQEB CwUAA4IBAQBxm/XnaWFHvXC3sr9kv4LUhx4lO8mPlIY0tKGMPO38UNqAQdI7ijXA HhCSDc9YsuxqlTlXWIgCTb76UpKErYuc/s1UjECAUy5fqz2g9jSJjQ3xyGZfCth7 V4ppj8zWPCNUWgCqYJK8OuCE4jh0nlYsxMil0pxUFqlr5CdISGOX7Mq/UJ4Jv8Bu oZ8N/+OriGzpH1/OGCVK5tc+UzyV2HxBsWWt89Iv7q37NgNkxk1+HlUmhkbaLhCQ uOyoxxIJTeH5eNs6G4uQNVuKIIhfBjHdMCxJIHI2z4+wvJP3moG5xGUmoFMsDwGP cxaU99Jv9sbKG3qnUw19JyBUk2rrtWGW -----END CERTIFICATE-----","",""
"cert_commonName","www.impots.nc/61.5.212.17","443","OK","impots.nc","",""
"cert_commonName_wo_SNI","www.impots.nc/61.5.212.17","443","INFO","*.gouv.nc","",""
"cert_subjectAltName","www.impots.nc/61.5.212.17","443","INFO","impots.nc www.impots.nc","",""
"cert_trust","www.impots.nc/61.5.212.17","443","OK","Ok via SAN (SNI mandatory)","",""
"cert_chain_of_trust","www.impots.nc/61.5.212.17","443","OK","passed.","",""
"cert_certificatePolicies_EV","www.impots.nc/61.5.212.17","443","INFO","no","",""
"cert_expirationStatus","www.impots.nc/61.5.212.17","443","OK","151 >= 60 days","",""
"cert_notBefore","www.impots.nc/61.5.212.17","443","INFO","2021-01-24 00:00","",""
"cert_notAfter","www.impots.nc/61.5.212.17","443","OK","2022-01-24 23:59","",""
"cert_extlifeSpan","www.impots.nc/61.5.212.17","443","OK","certificate has no extended life time according to browser forum","",""
"cert_eTLS","www.impots.nc/61.5.212.17","443","INFO","not present","",""
"cert_crlDistributionPoints","www.impots.nc/61.5.212.17","443","INFO","http://crl.usertrust.com/TBSX509CAbusiness2.crl","",""
"cert_ocspURL","www.impots.nc/61.5.212.17","443","INFO","http://ocsp.usertrust.com","",""
"OCSP_stapling","www.impots.nc/61.5.212.17","443","LOW","not offered","",""
"cert_mustStapleExtension","www.impots.nc/61.5.212.17","443","INFO","--","",""
"DNS_CAArecord","www.impots.nc/61.5.212.17","443","LOW","--","",""
"certificate_transparency","www.impots.nc/61.5.212.17","443","OK","yes (certificate extension)","",""
"certs_countServer","www.impots.nc/61.5.212.17","443","INFO","3","",""
"certs_list_ordering_problem","www.impots.nc/61.5.212.17","443","INFO","no","",""
"cert_caIssuers","www.impots.nc/61.5.212.17","443","INFO","TBS X509 CA business 2 (TBS INTERNET from FR)","",""
"intermediate_cert <#1>","www.impots.nc/61.5.212.17","443","INFO","-----BEGIN CERTIFICATE----- MIIGCzCCA/OgAwIBAgIQNAQ5ZD0uy7305qlXXebHpjANBgkqhkiG9w0BAQwFADCB iDELMAkGA1UEBhMCVVMxEzARBgNVBAgTCk5ldyBKZXJzZXkxFDASBgNVBAcTC0pl cnNleSBDaXR5MR4wHAYDVQQKExVUaGUgVVNFUlRSVVNUIE5ldHdvcmsxLjAsBgNV BAMTJVVTRVJUcnVzdCBSU0EgQ2VydGlmaWNhdGlvbiBBdXRob3JpdHkwHhcNMTQw OTIzMDAwMDAwWhcNMjQwOTIyMjM1OTU5WjCBgTELMAkGA1UEBhMCRlIxETAPBgNV BAgTCENhbHZhZG9zMQ0wCwYDVQQHEwRDYWVuMRUwEwYDVQQKEwxUQlMgSU5URVJO RVQxGDAWBgNVBAsTD1RCUyBJTlRFUk5FVCBDQTEfMB0GA1UEAxMWVEJTIFg1MDkg Q0EgYnVzaW5lc3MgMjCCASIwDQYJKoZIhvcNAQEBBQADggEPADCCAQoCggEBANh9 P++rsG4jHQsHeVvdavLrTcppoh2YUKP7aZX0yW97qmN2At3FvWopmNgAMJ3e/c6q SsE21M5FemzCMVm94/pT6hzy37ZLhTOGuw0CMfxXdnjk1clNuuu3GBFknPt8BwfC ptaQvTx5h9wFISqhgb8dvroToRaNSXtXTGK1shedyU33GjuFYYkxapzRxxSCSgck c4X+RQHPwZio7HrDfGg/txhDUZO+36OvIZy3NlLmWF6l1orrLt5v7lo+rUGm4sO4 0GUCRUjzFjno7SQTD9sT78JPvZK5bGtTEwcmKiLgyhF7PGwU/Dco1v1yTmdLHpXG eT7Ek3hkbTqil4DXP98CAwEAAaOCAXQwggFwMB8GA1UdIwQYMBaAFFN5v1qqK0rP VIDh2JvAnfKyA2bLMB0GA1UdDgQWBBRx8gupo+3LA0oMPAE7vkxEbesq+DAOBgNV HQ8BAf8EBAMCAYYwEgYDVR0TAQH/BAgwBgEB/wIBADAdBgNVHSUEFjAUBggrBgEF BQcDAQYIKwYBBQUHAwIwIQYDVR0gBBowGDAMBgorBgEEAeU3AgEBMAgGBmeBDAEC AjBQBgNVHR8ESTBHMEWgQ6BBhj9odHRwOi8vY3JsLnVzZXJ0cnVzdC5jb20vVVNF UlRydXN0UlNBQ2VydGlmaWNhdGlvbkF1dGhvcml0eS5jcmwwdgYIKwYBBQUHAQEE ajBoMD8GCCsGAQUFBzAChjNodHRwOi8vY3J0LnVzZXJ0cnVzdC5jb20vVVNFUlRy dXN0UlNBQWRkVHJ1c3RDQS5jcnQwJQYIKwYBBQUHMAGGGWh0dHA6Ly9vY3NwLnVz ZXJ0cnVzdC5jb20wDQYJKoZIhvcNAQEMBQADggIBACtBsWITnH+onImsd6+gaSV1 LMRiMTwBs4mBcI3nhrCRAUqDX1BwxyaUQhaxbCkC3rfk+GnP6LQPprM1FCxXOBFd xeNraQS9DQr1w7A6ypv4smdH+mRTRWh30+OXmhwlK5nM8dntTgjFn5he0/kXi4bW +4IORYgqzuwVcealp504UWegsvF7CNhoQboOs3Har5M1OPuGqPtkHJ40GeWW9Wn4 KYOuJz4s+d1XZaxXOMTP3/6Gw1hSILN5MReWKGhIZVJBIJ6Mhj1Hev/0ofaO6M1X HT/mLaIT3DvjWEPOCLCARaS7oqgZsjvb9f+FYdCEMWxEnpYiDZwIgkwB+w98NGTZ 7WGb5ctFmnUcKpls/orozduVnJM1yFNojZyUCyYdA/8sXYin4umzJMyqhjAPB5ax a0SjWnn1337aWtiofu0anT26LgmjvalDoalN66heEVaaDfWuKBODlzw0LlINceIZ ZEjTCCcwkujFam/e8Lx3cpaw7qLja57VsrONHYwQxVZyUFVycmkoOj4d0SncGXbg 1vv6jbFxDIRMGkr42btUnJOoJBT1jxxUUcl/p1VFP7aYV8Z8XB/SJsZgEH5bI8yL RY8JffFaGQwVNru/XsFI+xJ2hS8FjYajtIjKxGF3XYrVmmNOm7meWZDfyWj/AAGj S7ZS53apMKKU5mJiQZdc -----END CERTIFICATE-----","",""
"intermediate_cert_fingerprintSHA256 <#1>","www.impots.nc/61.5.212.17","443","INFO","436FED30895D6C7F0D6DC09DB621AB3B88EC6321C56CA6FD49D79811E2A598CA","",""
"intermediate_cert_notBefore <#1>","www.impots.nc/61.5.212.17","443","INFO","2014-09-23 00:00","",""
"intermediate_cert_notAfter <#1>","www.impots.nc/61.5.212.17","443","OK","2024-09-22 23:59","",""
"intermediate_cert_expiration <#1>","www.impots.nc/61.5.212.17","443","OK","ok > 40 days","",""
"intermediate_cert_chain <#1>","www.impots.nc/61.5.212.17","443","INFO","TBS X509 CA business 2 <-- USERTrust RSA Certification Authority","",""
"intermediate_cert <#2>","www.impots.nc/61.5.212.17","443","INFO","-----BEGIN CERTIFICATE----- MIIFgTCCBGmgAwIBAgIQOXJEOvkit1HX02wQ3TE1lTANBgkqhkiG9w0BAQwFADB7 MQswCQYDVQQGEwJHQjEbMBkGA1UECAwSR3JlYXRlciBNYW5jaGVzdGVyMRAwDgYD VQQHDAdTYWxmb3JkMRowGAYDVQQKDBFDb21vZG8gQ0EgTGltaXRlZDEhMB8GA1UE AwwYQUFBIENlcnRpZmljYXRlIFNlcnZpY2VzMB4XDTE5MDMxMjAwMDAwMFoXDTI4 MTIzMTIzNTk1OVowgYgxCzAJBgNVBAYTAlVTMRMwEQYDVQQIEwpOZXcgSmVyc2V5 MRQwEgYDVQQHEwtKZXJzZXkgQ2l0eTEeMBwGA1UEChMVVGhlIFVTRVJUUlVTVCBO ZXR3b3JrMS4wLAYDVQQDEyVVU0VSVHJ1c3QgUlNBIENlcnRpZmljYXRpb24gQXV0 aG9yaXR5MIICIjANBgkqhkiG9w0BAQEFAAOCAg8AMIICCgKCAgEAgBJlFzYOw9sI s9CsVw127c0n00ytUINh4qogTQktZAnczomfzD2p7PbPwdzx07HWezcoEStH2jnG vDoZtF+mvX2do2NCtnbyqTsrkfjib9DsFiCQCT7i6HTJGLSR1GJk23+jBvGIGGqQ Ijy8/hPwhxR79uQfjtTkUcYRZ0YIUcuGFFQ/vDP+fmyc/xadGL1RjjWmp2bIcmfb IWax1Jt4A8BQOujM8Ny8nkz+rwWWNR9XWrf/zvk9tyy29lTdyOcSOk2uTIq3XJq0 tyA9yn8iNK5+O2hmAUTnAU5GU5szYPeUvlM3kHND8zLDU+/bqv50TmnHa4xgk97E xwzf4TKuzJM7UXiVZ4vuPVb+DNBpDxsP8yUmazNt925H+nND5X4OpWaxKXwyhGNV icQNwZNUMBkTrNN9N6frXTpsNVzbQdcS2qlJC9/YgIoJk2KOtWbPJYjNhLixP6Q5 D9kCnusSTJV882sFqV4Wg8y4Z+LoE53MW4LTTLPtW//e5XOsIzstAL81VXQJSdhJ WBp/kjbmUZIO8yZ9HE0XvMnsQybQv0FfQKlERPSZ51eHnlAfV1SoPv10Yy+xUGUJ 5lhCLkMaTLTwJUdZ+gQek9QmRkpQgbLevni3/GcV4clXhB4PY9bpYrrWX1Uu6lzG KAgEJTm4Diup8kyXHAc/DVL17e8vgg8CAwEAAaOB8jCB7zAfBgNVHSMEGDAWgBSg EQojPpbxB+zirynvgqV/0DCktDAdBgNVHQ4EFgQUU3m/WqorSs9UgOHYm8Cd8rID ZsswDgYDVR0PAQH/BAQDAgGGMA8GA1UdEwEB/wQFMAMBAf8wEQYDVR0gBAowCDAG BgRVHSAAMEMGA1UdHwQ8MDowOKA2oDSGMmh0dHA6Ly9jcmwuY29tb2RvY2EuY29t L0FBQUNlcnRpZmljYXRlU2VydmljZXMuY3JsMDQGCCsGAQUFBwEBBCgwJjAkBggr BgEFBQcwAYYYaHR0cDovL29jc3AuY29tb2RvY2EuY29tMA0GCSqGSIb3DQEBDAUA A4IBAQAYh1HcdCE9nIrgJ7cz0C7M7PDmy14R3iJvm3WOnnL+5Nb+qh+cli3vA0p+ rvSNb3I8QzvAP+u431yqqcau8vzY7qN7Q/aGNnwU4M309z/+3ri0ivCRlv79Q2R+ /czSAaF9ffgZGclCKxO/WIu6pKJmBHaIkU4MiRTOok3JMrO66BQavHHxW/BBC5gA CiIDEOUMsfnNkjcZ7Tvx5Dq2+UUTJnWvu6rvP3t3O9LEApE9GQDTF1w52z97GA1F zZOFli9d31kWTz9RvdVFGD/tSo7oBmF0Ixa1DVBzJ0RHfxBdiSprhTEUxOipakyA vGp4z7h/jnZymQyd/teRCBaho1+V -----END CERTIFICATE-----","",""
"intermediate_cert_fingerprintSHA256 <#2>","www.impots.nc/61.5.212.17","443","INFO","68B9C761219A5B1F0131784474665DB61BBDB109E00F05CA9F74244EE5F5F52B","",""
"intermediate_cert_notBefore <#2>","www.impots.nc/61.5.212.17","443","INFO","2019-03-12 00:00","",""
"intermediate_cert_notAfter <#2>","www.impots.nc/61.5.212.17","443","OK","2028-12-31 23:59","",""
"intermediate_cert_expiration <#2>","www.impots.nc/61.5.212.17","443","OK","ok > 40 days","",""
"intermediate_cert_chain <#2>","www.impots.nc/61.5.212.17","443","INFO","USERTrust RSA Certification Authority <-- AAA Certificate Services","",""
"intermediate_cert_badOCSP","www.impots.nc/61.5.212.17","443","OK","intermediate certificate(s) is/are ok","",""
"HTTP_status_code","www.impots.nc/61.5.212.17","443","INFO","301 Moved Permanently ('/')","",""
"HTTP_clock_skew","www.impots.nc/61.5.212.17","443","INFO","0 seconds from localtime","",""
"HSTS","www.impots.nc/61.5.212.17","443","LOW","not offered","",""
"HPKP","www.impots.nc/61.5.212.17","443","INFO","No support for HTTP Public Key Pinning","",""
"banner_server","www.impots.nc/61.5.212.17","443","INFO","nginx","",""
"banner_application","www.impots.nc/61.5.212.17","443","INFO","No application banner found","",""
"cookie_count","www.impots.nc/61.5.212.17","443","INFO","0 at '/' (30x detected, better try target URL of 30x)","",""
"security_headers","www.impots.nc/61.5.212.17","443","MEDIUM","--","",""
"banner_reverseproxy","www.impots.nc/61.5.212.17","443","INFO","--","","CWE-200"
"heartbleed","www.impots.nc/61.5.212.17","443","OK","not vulnerable, no heartbeat extension","CVE-2014-0160","CWE-119"
"CCS","www.impots.nc/61.5.212.17","443","OK","not vulnerable","CVE-2014-0224","CWE-310"
"ticketbleed","www.impots.nc/61.5.212.17","443","OK","not vulnerable","CVE-2016-9244","CWE-200"
"ROBOT","www.impots.nc/61.5.212.17","443","OK","not vulnerable","CVE-2017-17382 CVE-2017-17427 CVE-2017-17428 CVE-2017-13098 CVE-2017-1000385 CVE-2017-13099 CVE-2016-6883 CVE-2012-5081 CVE-2017-6168","CWE-203"
"secure_renego","www.impots.nc/61.5.212.17","443","OK","supported","","CWE-310"
"secure_client_renego","www.impots.nc/61.5.212.17","443","OK","not vulnerable","CVE-2011-1473","CWE-310"
"CRIME_TLS","www.impots.nc/61.5.212.17","443","OK","not vulnerable","CVE-2012-4929","CWE-310"
"BREACH","www.impots.nc/61.5.212.17","443","OK","not vulnerable, no gzip/deflate/compress/br HTTP compression  - only supplied '/' tested","CVE-2013-3587","CWE-310"
"POODLE_SSL","www.impots.nc/61.5.212.17","443","OK","not vulnerable, no SSLv3","CVE-2014-3566","CWE-310"
"fallback_SCSV","www.impots.nc/61.5.212.17","443","OK","no protocol below TLS 1.2 offered","",""
"SWEET32","www.impots.nc/61.5.212.17","443","LOW","uses 64 bit block ciphers","CVE-2016-2183 CVE-2016-6329","CWE-327"
"FREAK","www.impots.nc/61.5.212.17","443","OK","not vulnerable","CVE-2015-0204","CWE-310"
"DROWN","www.impots.nc/61.5.212.17","443","OK","not vulnerable on this host and port","CVE-2016-0800 CVE-2016-0703","CWE-310"
"DROWN_hint","www.impots.nc/61.5.212.17","443","INFO","Make sure you don't use this certificate elsewhere with SSLv2 enabled services, see https://censys.io/ipv4?q=E597DB786783C843DD30111E34F4FB680965B2D8178B4A94A96E0E2001C233D3","CVE-2016-0800 CVE-2016-0703","CWE-310"
"LOGJAM","www.impots.nc/61.5.212.17","443","OK","not vulnerable, no DH EXPORT ciphers,","CVE-2015-4000","CWE-310"
"LOGJAM-common_primes","www.impots.nc/61.5.212.17","443","OK","no DH key with <= TLS 1.2","CVE-2015-4000","CWE-310"
"BEAST","www.impots.nc/61.5.212.17","443","OK","not vulnerable, no SSL3 or TLS1","CVE-2011-3389","CWE-20"
"LUCKY13","www.impots.nc/61.5.212.17","443","LOW","potentially vulnerable, uses TLS CBC ciphers","CVE-2013-0169","CWE-310"
"winshock","www.impots.nc/61.5.212.17","443","OK","not vulnerable","CVE-2014-6321","CWE-94"
"RC4","www.impots.nc/61.5.212.17","443","OK","not vulnerable","CVE-2013-2566 CVE-2015-2808","CWE-310"
"clientsimulation-android_442","www.impots.nc/61.5.212.17","443","INFO","TLSv1.2 ECDHE-RSA-AES128-GCM-SHA256","",""
"clientsimulation-android_500","www.impots.nc/61.5.212.17","443","INFO","TLSv1.2 ECDHE-RSA-AES128-GCM-SHA256","",""
"clientsimulation-android_60","www.impots.nc/61.5.212.17","443","INFO","TLSv1.2 ECDHE-RSA-AES128-GCM-SHA256","",""
"clientsimulation-android_70","www.impots.nc/61.5.212.17","443","INFO","TLSv1.2 ECDHE-RSA-AES128-GCM-SHA256","",""
"clientsimulation-android_81","www.impots.nc/61.5.212.17","443","INFO","TLSv1.2 ECDHE-RSA-AES128-GCM-SHA256","",""
"clientsimulation-android_90","www.impots.nc/61.5.212.17","443","INFO","TLSv1.3 TLS_AES_256_GCM_SHA384","",""
"clientsimulation-android_X","www.impots.nc/61.5.212.17","443","INFO","TLSv1.3 TLS_AES_256_GCM_SHA384","",""
"clientsimulation-chrome_74_win10","www.impots.nc/61.5.212.17","443","INFO","TLSv1.3 TLS_AES_256_GCM_SHA384","",""
"clientsimulation-chrome_79_win10","www.impots.nc/61.5.212.17","443","INFO","TLSv1.3 TLS_AES_256_GCM_SHA384","",""
"clientsimulation-firefox_66_win81","www.impots.nc/61.5.212.17","443","INFO","TLSv1.3 TLS_AES_256_GCM_SHA384","",""
"clientsimulation-firefox_71_win10","www.impots.nc/61.5.212.17","443","INFO","TLSv1.3 TLS_AES_256_GCM_SHA384","",""
"clientsimulation-ie_6_xp","www.impots.nc/61.5.212.17","443","INFO","No connection","",""
"clientsimulation-ie_8_win7","www.impots.nc/61.5.212.17","443","INFO","No connection","",""
"clientsimulation-ie_8_xp","www.impots.nc/61.5.212.17","443","INFO","No connection","",""
"clientsimulation-ie_11_win7","www.impots.nc/61.5.212.17","443","INFO","TLSv1.2 ECDHE-RSA-AES128-SHA256","",""
"clientsimulation-ie_11_win81","www.impots.nc/61.5.212.17","443","INFO","TLSv1.2 ECDHE-RSA-AES128-SHA256","",""
"clientsimulation-ie_11_winphone81","www.impots.nc/61.5.212.17","443","INFO","TLSv1.2 ECDHE-RSA-AES128-SHA256","",""
"clientsimulation-ie_11_win10","www.impots.nc/61.5.212.17","443","INFO","TLSv1.2 ECDHE-RSA-AES128-GCM-SHA256","",""
"clientsimulation-edge_15_win10","www.impots.nc/61.5.212.17","443","INFO","TLSv1.2 ECDHE-RSA-AES128-GCM-SHA256","",""
"clientsimulation-edge_17_win10","www.impots.nc/61.5.212.17","443","INFO","TLSv1.2 ECDHE-RSA-AES128-GCM-SHA256","",""
"clientsimulation-opera_66_win10","www.impots.nc/61.5.212.17","443","INFO","TLSv1.3 TLS_AES_256_GCM_SHA384","",""
"clientsimulation-safari_9_ios9","www.impots.nc/61.5.212.17","443","INFO","TLSv1.2 ECDHE-RSA-AES128-GCM-SHA256","",""
"clientsimulation-safari_9_osx1011","www.impots.nc/61.5.212.17","443","INFO","TLSv1.2 ECDHE-RSA-AES128-GCM-SHA256","",""
"clientsimulation-safari_10_osx1012","www.impots.nc/61.5.212.17","443","INFO","TLSv1.2 ECDHE-RSA-AES128-GCM-SHA256","",""
"clientsimulation-safari_121_ios_122","www.impots.nc/61.5.212.17","443","INFO","TLSv1.3 TLS_AES_256_GCM_SHA384","",""
"clientsimulation-safari_130_osx_10146","www.impots.nc/61.5.212.17","443","INFO","TLSv1.3 TLS_AES_256_GCM_SHA384","",""
"clientsimulation-apple_ats_9_ios9","www.impots.nc/61.5.212.17","443","INFO","TLSv1.2 ECDHE-RSA-AES128-GCM-SHA256","",""
"clientsimulation-java_6u45","www.impots.nc/61.5.212.17","443","INFO","No connection","",""
"clientsimulation-java_7u25","www.impots.nc/61.5.212.17","443","INFO","No connection","",""
"clientsimulation-java_8u161","www.impots.nc/61.5.212.17","443","INFO","TLSv1.2 ECDHE-RSA-AES128-GCM-SHA256","",""
"clientsimulation-java1102","www.impots.nc/61.5.212.17","443","INFO","TLSv1.3 TLS_AES_256_GCM_SHA384","",""
"clientsimulation-java1201","www.impots.nc/61.5.212.17","443","INFO","TLSv1.3 TLS_AES_256_GCM_SHA384","",""
"clientsimulation-openssl_102e","www.impots.nc/61.5.212.17","443","INFO","TLSv1.2 ECDHE-RSA-AES128-GCM-SHA256","",""
"clientsimulation-openssl_110l","www.impots.nc/61.5.212.17","443","INFO","TLSv1.2 ECDHE-RSA-AES128-GCM-SHA256","",""
"clientsimulation-openssl_111d","www.impots.nc/61.5.212.17","443","INFO","TLSv1.3 TLS_AES_256_GCM_SHA384","",""
"clientsimulation-thunderbird_68_3_1","www.impots.nc/61.5.212.17","443","INFO","TLSv1.3 TLS_AES_256_GCM_SHA384","",""
"rating_spec","www.impots.nc/61.5.212.17","443","INFO","SSL Labs's 'SSL Server Rating Guide' (version 2009q from 2020-01-30)","",""
"rating_doc","www.impots.nc/61.5.212.17","443","INFO","https://github.com/ssllabs/research/wiki/SSL-Server-Rating-Guide","",""
"protocol_support_score","www.impots.nc/61.5.212.17","443","INFO","100","",""
"protocol_support_score_weighted","www.impots.nc/61.5.212.17","443","INFO","30","",""
"key_exchange_score","www.impots.nc/61.5.212.17","443","INFO","90","",""
"key_exchange_score_weighted","www.impots.nc/61.5.212.17","443","INFO","27","",""
"cipher_strength_score","www.impots.nc/61.5.212.17","443","INFO","60","",""
"cipher_strength_score_weighted","www.impots.nc/61.5.212.17","443","INFO","24","",""
"final_score","www.impots.nc/61.5.212.17","443","INFO","81","",""
"overall_grade","www.impots.nc/61.5.212.17","443","OK","A","",""
"grade_cap_reason_1","www.impots.nc/61.5.212.17","443","INFO","Grade capped to A. HSTS is not offered","",""
